"Estados";"a";"b";"c";"d";"e";"f";"g";"h";"i";"j";"k";"l";"m";"n";"o";"p";"q";"r";"s";"t";"u";"v";"w";"x";"y";"z";"AM";"BM";"CM";"DM";"EM";"FM";"GM";"HM";"IM";"JM";"KM";"LM";"MM";"NM";"OM";"PM";"QM";"RM";"SM";"TM";"UM";"VM";"WM";"XM";"YM";"ZM";"0";"1";"2";"3";"4";"5";"6";"7";"8";"9";"+";"-";"*";"/";"^";"|";"!";">";"<";"=";".";"""";"{";"}";"(";")";"&";"FDC";"CAT"
0;196;54;64;73;87;95;196;196;104;196;196;196;196;110;196;196;196;115;120;136;196;141;146;196;196;196;196;196;196;196;196;196;196;196;196;196;196;196;196;196;196;196;196;196;196;196;196;196;196;196;196;196;45;45;45;45;45;45;45;45;45;45;4;6;8;10;16;37;32;22;28;18;194;42;160;162;164;166;1;"200";""
1;2;2;2;2;2;2;2;2;2;2;2;2;2;2;2;2;2;2;2;2;2;2;2;2;2;2;2;2;2;2;2;2;2;2;2;2;2;2;2;2;2;2;2;2;2;2;2;2;2;2;2;2;2;2;2;2;2;2;2;2;2;2;192;192;192;192;192;192;192;192;192;192;192;192;192;192;192;192;40;"196";""
2;2;2;2;2;2;2;2;2;2;2;2;2;2;2;2;2;2;2;2;2;2;2;2;2;2;2;2;2;2;2;2;2;2;2;2;2;2;2;2;2;2;2;2;2;2;2;2;2;2;2;2;2;2;2;2;2;2;2;2;2;2;2;192;192;192;192;192;192;192;192;192;192;192;192;192;192;192;192;192;"3";""
3;200;200;200;200;200;200;200;200;200;200;200;200;200;200;200;200;200;200;200;200;200;200;200;200;200;200;200;200;200;200;200;200;200;200;200;200;200;200;200;200;200;200;200;200;200;200;200;200;200;200;200;200;200;200;200;200;200;200;200;200;200;200;200;200;200;200;200;200;200;200;200;200;200;200;200;200;200;200;200;"ACEPTA";"IINID"
4;194;194;194;194;194;194;194;194;194;194;194;194;194;194;194;194;194;194;194;194;194;194;194;194;194;194;194;194;194;194;194;194;194;194;194;194;194;194;194;194;194;194;194;194;194;194;194;194;194;194;194;194;45;45;45;45;45;45;45;45;45;45;50;194;194;194;194;194;194;194;194;194;194;194;194;194;194;194;194;"5";""
5;200;200;200;200;200;200;200;200;200;200;200;200;200;200;200;200;200;200;200;200;200;200;200;200;200;200;200;200;200;200;200;200;200;200;200;200;200;200;200;200;200;200;200;200;200;200;200;200;200;200;200;200;200;200;200;200;200;200;200;200;200;200;200;200;200;200;200;200;200;200;200;200;200;200;200;200;200;200;200;"ACEPTA";"OPAR1"
6;194;194;194;194;194;194;194;194;194;194;194;194;194;194;194;194;194;194;194;194;194;194;194;194;194;194;194;194;194;194;194;194;194;194;194;194;194;194;194;194;194;194;194;194;194;194;194;194;194;194;194;194;45;45;45;45;45;45;45;45;45;45;194;52;194;194;194;194;194;194;194;194;194;194;194;194;194;194;194;"7";""
7;200;200;200;200;200;200;200;200;200;200;200;200;200;200;200;200;200;200;200;200;200;200;200;200;200;200;200;200;200;200;200;200;200;200;200;200;200;200;200;200;200;200;200;200;200;200;200;200;200;200;200;200;200;200;200;200;200;200;200;200;200;200;200;200;200;200;200;200;200;200;200;200;200;200;200;200;200;200;200;"ACEPTA";"OPAR2"
8;194;194;194;194;194;194;194;194;194;194;194;194;194;194;194;194;194;194;194;194;194;194;194;194;194;194;194;194;194;194;194;194;194;194;194;194;194;194;194;194;194;194;194;194;194;194;194;194;194;194;194;194;45;45;45;45;45;45;45;45;45;45;194;194;194;194;194;194;194;194;194;194;194;194;194;194;194;194;194;"9";""
9;200;200;200;200;200;200;200;200;200;200;200;200;200;200;200;200;200;200;200;200;200;200;200;200;200;200;200;200;200;200;200;200;200;200;200;200;200;200;200;200;200;200;200;200;200;200;200;200;200;200;200;200;200;200;200;200;200;200;200;200;200;200;200;200;200;200;200;200;200;200;200;200;200;200;200;200;200;200;200;"ACEPTA";"OPAR3"
10;194;194;194;194;194;194;194;194;194;194;194;194;194;194;194;194;194;194;194;194;194;194;194;194;194;194;194;194;194;194;194;194;194;194;194;194;194;194;194;194;194;194;194;194;194;194;194;194;194;194;194;194;45;45;45;45;45;45;45;45;45;45;194;194;12;194;194;194;194;194;194;194;194;194;194;194;194;194;194;"11";""
11;200;200;200;200;200;200;200;200;200;200;200;200;200;200;200;200;200;200;200;200;200;200;200;200;200;200;200;200;200;200;200;200;200;200;200;200;200;200;200;200;200;200;200;200;200;200;200;200;200;200;200;200;200;200;200;200;200;200;200;200;200;200;200;200;200;200;200;200;200;200;200;200;200;200;200;200;200;200;200;"ACEPTA";"OPAR4"
12;12;12;12;12;12;12;12;12;12;12;12;12;12;12;12;12;12;12;12;12;12;12;12;12;12;12;12;12;12;12;12;12;12;12;12;12;12;12;12;12;12;12;12;12;12;12;12;12;12;12;12;12;12;12;12;12;12;12;12;12;12;12;195;195;13;195;195;195;195;195;195;195;195;195;195;195;195;195;195;"195";""
13;195;195;195;195;195;195;195;195;195;195;195;195;195;195;195;195;195;195;195;195;195;195;195;195;195;195;195;195;195;195;195;195;195;195;195;195;195;195;195;195;195;195;195;195;195;195;195;195;195;195;195;195;195;195;195;195;195;195;195;195;195;195;195;195;195;14;195;195;195;195;195;195;195;195;195;195;195;195;195;"195";""
14;195;195;195;195;195;195;195;195;195;195;195;195;195;195;195;195;195;195;195;195;195;195;195;195;195;195;195;195;195;195;195;195;195;195;195;195;195;195;195;195;195;195;195;195;195;195;195;195;195;195;195;195;195;195;195;195;195;195;195;195;195;195;195;195;195;195;195;195;195;195;195;195;195;195;195;195;195;195;195;"15";""
15;200;200;200;200;200;200;200;200;200;200;200;200;200;200;200;200;200;200;200;200;200;200;200;200;200;200;200;200;200;200;200;200;200;200;200;200;200;200;200;200;200;200;200;200;200;200;200;200;200;200;200;200;200;200;200;200;200;200;200;200;200;200;200;200;200;200;200;200;200;200;200;200;200;200;200;200;200;200;200;"ACEPTA";"COM"
16;194;194;194;194;194;194;194;194;194;194;194;194;194;194;194;194;194;194;194;194;194;194;194;194;194;194;194;194;194;194;194;194;194;194;194;194;194;194;194;194;194;194;194;194;194;194;194;194;194;194;194;194;45;45;45;45;45;45;45;45;45;45;194;194;194;194;194;194;194;194;194;194;194;194;194;194;194;194;194;"17";""
17;200;200;200;200;200;200;200;200;200;200;200;200;200;200;200;200;200;200;200;200;200;200;200;200;200;200;200;200;200;200;200;200;200;200;200;200;200;200;200;200;200;200;200;200;200;200;200;200;200;200;200;200;200;200;200;200;200;200;200;200;200;200;200;200;200;200;200;200;200;200;200;200;200;200;200;200;200;200;200;"ACEPTA";"OPAR5"
18;194;194;194;194;194;194;194;194;194;194;194;194;194;194;194;194;194;194;194;194;194;194;194;194;194;194;194;194;194;194;194;194;194;194;194;194;194;194;194;194;194;194;194;194;194;194;194;194;194;194;194;194;194;194;194;194;194;194;194;194;194;194;194;194;194;194;194;194;194;194;194;20;194;194;194;194;194;194;194;"19";""
19;200;200;200;200;200;200;200;200;200;200;200;200;200;200;200;200;200;200;200;200;200;200;200;200;200;200;200;200;200;200;200;200;200;200;200;200;200;200;200;200;200;200;200;200;200;200;200;200;200;200;200;200;200;200;200;200;200;200;200;200;200;200;200;200;200;200;200;200;200;200;200;200;200;200;200;200;200;200;200;"ACEPTA";"OPASIGN1"
20;194;194;194;194;194;194;194;194;194;194;194;194;194;194;194;194;194;194;194;194;194;194;194;194;194;194;194;194;194;194;194;194;194;194;194;194;194;194;194;194;194;194;194;194;194;194;194;194;194;194;194;194;194;194;194;194;194;194;194;194;194;194;194;194;194;194;194;194;194;194;194;194;194;194;194;194;194;194;194;"21";""
21;200;200;200;200;200;200;200;200;200;200;200;200;200;200;200;200;200;200;200;200;200;200;200;200;200;200;200;200;200;200;200;200;200;200;200;200;200;200;200;200;200;200;200;200;200;200;200;200;200;200;200;200;200;200;200;200;200;200;200;200;200;200;200;200;200;200;200;200;200;200;200;200;200;200;200;200;200;200;200;"ACEPTA";"OPREL5"
22;194;194;194;194;194;194;194;194;194;194;194;194;194;194;194;194;194;194;194;194;194;194;194;194;194;194;194;194;194;194;194;194;194;194;194;194;194;194;194;194;194;194;194;194;194;194;194;194;194;194;194;194;194;194;194;194;194;194;194;194;194;194;194;194;194;194;194;194;194;24;194;26;194;194;194;194;194;194;194;"23";""
23;200;200;200;200;200;200;200;200;200;200;200;200;200;200;200;200;200;200;200;200;200;200;200;200;200;200;200;200;200;200;200;200;200;200;200;200;200;200;200;200;200;200;200;200;200;200;200;200;200;200;200;200;200;200;200;200;200;200;200;200;200;200;200;200;200;200;200;200;200;200;200;200;200;200;200;200;200;200;200;"ACEPTA";"OPREL1"
24;194;194;194;194;194;194;194;194;194;194;194;194;194;194;194;194;194;194;194;194;194;194;194;194;194;194;194;194;194;194;194;194;194;194;194;194;194;194;194;194;194;194;194;194;194;194;194;194;194;194;194;194;194;194;194;194;194;194;194;194;194;194;194;194;194;194;194;194;194;194;194;194;194;194;194;194;194;194;194;"25";""
25;200;200;200;200;200;200;200;200;200;200;200;200;200;200;200;200;200;200;200;200;200;200;200;200;200;200;200;200;200;200;200;200;200;200;200;200;200;200;200;200;200;200;200;200;200;200;200;200;200;200;200;200;200;200;200;200;200;200;200;200;200;200;200;200;200;200;200;200;200;200;200;200;200;200;200;200;200;200;200;"ACEPTA";"OPASIGN2"
26;194;194;194;194;194;194;194;194;194;194;194;194;194;194;194;194;194;194;194;194;194;194;194;194;194;194;194;194;194;194;194;194;194;194;194;194;194;194;194;194;194;194;194;194;194;194;194;194;194;194;194;194;194;194;194;194;194;194;194;194;194;194;194;194;194;194;194;194;194;194;194;194;194;194;194;194;194;194;194;"27";""
27;200;200;200;200;200;200;200;200;200;200;200;200;200;200;200;200;200;200;200;200;200;200;200;200;200;200;200;200;200;200;200;200;200;200;200;200;200;200;200;200;200;200;200;200;200;200;200;200;200;200;200;200;200;200;200;200;200;200;200;200;200;200;200;200;200;200;200;200;200;200;200;200;200;200;200;200;200;200;200;"ACEPTA";"OPREL2"
28;194;194;194;194;194;194;194;194;194;194;194;194;194;194;194;194;194;194;194;194;194;194;194;194;194;194;194;194;194;194;194;194;194;194;194;194;194;194;194;194;194;194;194;194;194;194;194;194;194;194;194;194;194;194;194;194;194;194;194;194;194;194;194;194;194;194;194;194;194;194;194;30;194;194;194;194;194;194;194;"29";""
29;200;200;200;200;200;200;200;200;200;200;200;200;200;200;200;200;200;200;200;200;200;200;200;200;200;200;200;200;200;200;200;200;200;200;200;200;200;200;200;200;200;200;200;200;200;200;200;200;200;200;200;200;200;200;200;200;200;200;200;200;200;200;200;200;200;200;200;200;200;200;200;200;200;200;200;200;200;200;200;"ACEPTA";"OPREL3"
30;194;194;194;194;194;194;194;194;194;194;194;194;194;194;194;194;194;194;194;194;194;194;194;194;194;194;194;194;194;194;194;194;194;194;194;194;194;194;194;194;194;194;194;194;194;194;194;194;194;194;194;194;194;194;194;194;194;194;194;194;194;194;194;194;194;194;194;194;194;194;194;194;194;194;194;194;194;194;194;"31";""
31;200;200;200;200;200;200;200;200;200;200;200;200;200;200;200;200;200;200;200;200;200;200;200;200;200;200;200;200;200;200;200;200;200;200;200;200;200;200;200;200;200;200;200;200;200;200;200;200;200;200;200;200;200;200;200;200;200;200;200;200;200;200;200;200;200;200;200;200;200;200;200;200;200;200;200;200;200;200;200;"ACEPTA";"OPREL4"
32;194;194;194;194;194;194;194;194;194;194;194;194;194;194;194;194;194;194;194;194;194;194;194;194;194;194;194;194;194;194;194;194;194;194;194;194;194;194;194;194;194;194;194;194;194;194;194;194;194;194;194;194;194;194;194;194;194;194;194;194;194;194;194;194;194;194;194;194;33;194;194;35;194;194;194;194;194;194;194;"194";""
33;194;194;194;194;194;194;194;194;194;194;194;194;194;194;194;194;194;194;194;194;194;194;194;194;194;194;194;194;194;194;194;194;194;194;194;194;194;194;194;194;194;194;194;194;194;194;194;194;194;194;194;194;194;194;194;194;194;194;194;194;194;194;194;194;194;194;194;194;194;194;194;194;194;194;194;194;194;194;194;"34";""
34;200;200;200;200;200;200;200;200;200;200;200;200;200;200;200;200;200;200;200;200;200;200;200;200;200;200;200;200;200;200;200;200;200;200;200;200;200;200;200;200;200;200;200;200;200;200;200;200;200;200;200;200;200;200;200;200;200;200;200;200;200;200;200;200;200;200;200;200;200;200;200;200;200;200;200;200;200;200;200;"ACEPTA";"OPLOGNOT"
35;194;194;194;194;194;194;194;194;194;194;194;194;194;194;194;194;194;194;194;194;194;194;194;194;194;194;194;194;194;194;194;194;194;194;194;194;194;194;194;194;194;194;194;194;194;194;194;194;194;194;194;194;194;194;194;194;194;194;194;194;194;194;194;194;194;194;194;194;194;194;194;194;194;194;194;194;194;194;194;"36";""
36;200;200;200;200;200;200;200;200;200;200;200;200;200;200;200;200;200;200;200;200;200;200;200;200;200;200;200;200;200;200;200;200;200;200;200;200;200;200;200;200;200;200;200;200;200;200;200;200;200;200;200;200;200;200;200;200;200;200;200;200;200;200;200;200;200;200;200;200;200;200;200;200;200;200;200;200;200;200;200;"ACEPTA";"OPREL6"
37;194;194;194;194;194;194;194;194;194;194;194;194;194;194;194;194;194;194;194;194;194;194;194;194;194;194;194;194;194;194;194;194;194;194;194;194;194;194;194;194;194;194;194;194;194;194;194;194;194;194;194;194;194;194;194;194;194;194;194;194;194;194;194;194;194;194;194;38;194;194;194;194;194;194;194;194;194;194;194;"194";""
38;194;194;194;194;194;194;194;194;194;194;194;194;194;194;194;194;194;194;194;194;194;194;194;194;194;194;194;194;194;194;194;194;194;194;194;194;194;194;194;194;194;194;194;194;194;194;194;194;194;194;194;194;194;194;194;194;194;194;194;194;194;194;194;194;194;194;194;194;194;194;194;194;194;194;194;194;194;194;194;"39";""
39;200;200;200;200;200;200;200;200;200;200;200;200;200;200;200;200;200;200;200;200;200;200;200;200;200;200;200;200;200;200;200;200;200;200;200;200;200;200;200;200;200;200;200;200;200;200;200;200;200;200;200;200;200;200;200;200;200;200;200;200;200;200;200;200;200;200;200;200;200;200;200;200;200;200;200;200;200;200;200;"ACEPTA";"OPLOGOR"
40;194;194;194;194;194;194;194;194;194;194;194;194;194;194;194;194;194;194;194;194;194;194;194;194;194;194;194;194;194;194;194;194;194;194;194;194;194;194;194;194;194;194;194;194;194;194;194;194;194;194;194;194;194;194;194;194;194;194;194;194;194;194;194;194;194;194;194;194;194;194;194;194;194;194;194;194;194;194;194;"41";""
41;200;200;200;200;200;200;200;200;200;200;200;200;200;200;200;200;200;200;200;200;200;200;200;200;200;200;200;200;200;200;200;200;200;200;200;200;200;200;200;200;200;200;200;200;200;200;200;200;200;200;200;200;200;200;200;200;200;200;200;200;200;200;200;200;200;200;200;200;200;200;200;200;200;200;200;200;200;200;200;"ACEPTA";"OPLOGAND"
42;42;42;42;42;42;42;42;42;42;42;42;42;42;42;42;42;42;42;42;42;42;42;42;42;42;42;42;42;42;42;42;42;42;42;42;42;42;42;42;42;42;42;42;42;42;42;42;42;42;42;42;42;42;42;42;42;42;42;42;42;42;42;193;193;193;193;193;193;193;193;193;193;193;43;193;193;193;193;193;"194";""
43;193;193;193;193;193;193;193;193;193;193;193;193;193;193;193;193;193;193;193;193;193;193;193;193;193;193;193;193;193;193;193;193;193;193;193;193;193;193;193;193;193;193;193;193;193;193;193;193;193;193;193;193;193;193;193;193;193;193;193;193;193;193;193;193;193;193;193;193;193;193;193;193;193;193;193;193;193;193;193;"44";""
44;200;200;200;200;200;200;200;200;200;200;200;200;200;200;200;200;200;200;200;200;200;200;200;200;200;200;200;200;200;200;200;200;200;200;200;200;200;200;200;200;200;200;200;200;200;200;200;200;200;200;200;200;200;200;200;200;200;200;200;200;200;200;200;200;200;200;200;200;200;200;200;200;200;200;200;200;200;200;200;"ACEPTA";"CAD"
45;199;199;199;199;199;199;199;199;199;199;199;199;199;199;199;199;199;199;199;199;199;199;199;199;199;199;199;199;199;199;199;199;199;199;199;199;199;199;199;199;199;199;199;199;199;199;199;199;199;199;199;199;45;45;45;45;45;45;45;45;45;45;199;199;199;199;199;199;199;199;199;199;47;199;199;199;199;199;199;"46";""
46;200;200;200;200;200;200;200;200;200;200;200;200;200;200;200;200;200;200;200;200;200;200;200;200;200;200;200;200;200;200;200;200;200;200;200;200;200;200;200;200;200;200;200;200;200;200;200;200;200;200;200;200;200;200;200;200;200;200;200;200;200;200;200;200;200;200;200;200;200;200;200;200;200;200;200;200;200;200;200;"ACEPTA";"CNENT"
47;199;199;199;199;199;199;199;199;199;199;199;199;199;199;199;199;199;199;199;199;199;199;199;199;199;199;199;199;199;199;199;199;199;199;199;199;199;199;199;199;199;199;199;199;199;199;199;199;199;199;199;199;48;48;48;48;48;48;48;48;48;48;199;199;199;199;199;199;199;199;199;199;199;199;199;199;199;199;199;"199";""
48;199;199;199;199;199;199;199;199;199;199;199;199;199;199;199;199;199;199;199;199;199;199;199;199;199;199;199;199;199;199;199;199;199;199;199;199;199;199;199;199;199;199;199;199;199;199;199;199;199;199;199;199;48;48;48;48;48;48;48;48;48;48;199;199;199;199;199;199;199;199;199;199;199;199;199;199;199;199;199;"49";""
49;200;200;200;200;200;200;200;200;200;200;200;200;200;200;200;200;200;200;200;200;200;200;200;200;200;200;200;200;200;200;200;200;200;200;200;200;200;200;200;200;200;200;200;200;200;200;200;200;200;200;200;200;200;200;200;200;200;200;200;200;200;200;200;200;200;200;200;200;200;200;200;200;200;200;200;200;200;200;200;"ACEPTA";"CNREA"
50;194;194;194;194;194;194;194;194;194;194;194;194;194;194;194;194;194;194;194;194;194;194;194;194;194;194;194;194;194;194;194;194;194;194;194;194;194;194;194;194;194;194;194;194;194;194;194;194;194;194;194;194;194;194;194;194;194;194;194;194;194;194;194;194;194;194;194;194;194;194;194;194;194;194;194;194;194;194;194;"51";""
51;200;200;200;200;200;200;200;200;200;200;200;200;200;200;200;200;200;200;200;200;200;200;200;200;200;200;200;200;200;200;200;200;200;200;200;200;200;200;200;200;200;200;200;200;200;200;200;200;200;200;200;200;200;200;200;200;200;200;200;200;200;200;200;200;200;200;200;200;200;200;200;200;200;200;200;200;200;200;200;"ACEPTA";"OPAR6"
52;194;194;194;194;194;194;194;194;194;194;194;194;194;194;194;194;194;194;194;194;194;194;194;194;194;194;194;194;194;194;194;194;194;194;194;194;194;194;194;194;194;194;194;194;194;194;194;194;194;194;194;194;194;194;194;194;194;194;194;194;194;194;194;194;194;194;194;194;194;194;194;194;194;194;194;194;194;194;194;"53";""
53;200;200;200;200;200;200;200;200;200;200;200;200;200;200;200;200;200;200;200;200;200;200;200;200;200;200;200;200;200;200;200;200;200;200;200;200;200;200;200;200;200;200;200;200;200;200;200;200;200;200;200;200;200;200;200;200;200;200;200;200;200;200;200;200;200;200;200;200;200;200;200;200;200;200;200;200;200;200;200;"ACEPTA";"OPAR7"
54;196;196;196;196;196;196;196;196;196;196;196;196;196;196;55;196;196;59;196;196;196;196;196;196;196;196;196;196;196;196;196;196;196;196;196;196;196;196;196;196;196;196;196;196;196;196;196;196;196;196;196;196;197;197;197;197;197;197;197;197;197;197;198;198;198;198;198;198;198;198;198;198;198;198;198;198;198;198;198;"196";""
55;196;196;196;196;196;196;196;196;196;196;196;196;196;196;56;196;196;196;196;196;196;196;196;196;196;196;196;196;196;196;196;196;196;196;196;196;196;196;196;196;196;196;196;196;196;196;196;196;196;196;196;196;197;197;197;197;197;197;197;197;197;197;198;198;198;198;198;198;198;198;198;198;198;198;198;198;198;198;198;"196";""
56;196;196;196;196;196;196;196;196;196;196;196;57;196;196;196;196;196;196;196;196;196;196;196;196;196;196;196;196;196;196;196;196;196;196;196;196;196;196;196;196;196;196;196;196;196;196;196;196;196;196;196;196;197;197;197;197;197;197;197;197;197;197;198;198;198;198;198;198;198;198;198;198;198;198;198;198;198;198;198;"196";""
57;196;196;196;196;196;196;196;196;196;196;196;196;196;196;196;196;196;196;196;196;196;196;196;196;196;196;196;196;196;196;196;196;196;196;196;196;196;196;196;196;196;196;196;196;196;196;196;196;196;196;196;196;197;197;197;197;197;197;197;197;197;197;198;198;198;198;198;198;198;198;198;198;198;198;198;198;198;198;198;"58";""
58;200;200;200;200;200;200;200;200;200;200;200;200;200;200;200;200;200;200;200;200;200;200;200;200;200;200;200;200;200;200;200;200;200;200;200;200;200;200;200;200;200;200;200;200;200;200;200;200;200;200;200;200;200;200;200;200;200;200;200;200;200;200;200;200;200;200;200;200;200;200;200;200;200;200;200;200;200;200;200;"ACEPTA";"PTY03"
59;196;196;196;196;60;196;196;196;196;196;196;196;196;196;196;196;196;196;196;196;196;196;196;196;196;196;196;196;196;196;196;196;196;196;196;196;196;196;196;196;196;196;196;196;196;196;196;196;196;196;196;196;197;197;197;197;197;197;197;197;197;197;198;198;198;198;198;198;198;198;198;198;198;198;198;198;198;198;198;"196";""
60;61;196;196;196;196;196;196;196;196;196;196;196;196;196;196;196;196;196;196;196;196;196;196;196;196;196;196;196;196;196;196;196;196;196;196;196;196;196;196;196;196;196;196;196;196;196;196;196;196;196;196;196;197;197;197;197;197;197;197;197;197;197;198;198;198;198;198;198;198;198;198;198;198;198;198;198;198;198;198;"196";""
61;196;196;196;196;196;196;196;196;196;196;62;196;196;196;196;196;196;196;196;196;196;196;196;196;196;196;196;196;196;196;196;196;196;196;196;196;196;196;196;196;196;196;196;196;196;196;196;196;196;196;196;196;197;197;197;197;197;197;197;197;197;197;198;198;198;198;198;198;198;198;198;198;198;198;198;198;198;198;198;"196";""
62;196;196;196;196;196;196;196;196;196;196;196;196;196;196;196;196;196;196;196;196;196;196;196;196;196;196;196;196;196;196;196;196;196;196;196;196;196;196;196;196;196;196;196;196;196;196;196;196;196;196;196;196;197;197;197;197;197;197;197;197;197;197;198;198;198;198;198;198;198;198;198;198;198;198;198;198;198;198;198;"63";""
63;200;200;200;200;200;200;200;200;200;200;200;200;200;200;200;200;200;200;200;200;200;200;200;200;200;200;200;200;200;200;200;200;200;200;200;200;200;200;200;200;200;200;200;200;200;200;200;200;200;200;200;200;200;200;200;200;200;200;200;200;200;200;200;200;200;200;200;200;200;200;200;200;200;200;200;200;200;200;200;"ACEPTA";"PR06"
64;65;196;196;196;196;196;196;69;196;196;196;196;196;196;196;196;196;196;196;196;196;196;196;196;196;196;196;196;196;196;196;196;196;196;196;196;196;196;196;196;196;196;196;196;196;196;196;196;196;196;196;196;197;197;197;197;197;197;197;197;197;197;198;198;198;198;198;198;198;198;198;198;198;198;198;198;198;198;198;"196";""
65;196;196;196;196;196;196;196;196;196;196;196;196;196;196;196;196;196;196;66;196;196;196;196;196;196;196;196;196;196;196;196;196;196;196;196;196;196;196;196;196;196;196;196;196;196;196;196;196;196;196;196;196;197;197;197;197;197;197;197;197;197;197;198;198;198;198;198;198;198;198;198;198;198;198;198;198;198;198;198;"196";""
66;196;196;196;196;67;196;196;196;196;196;196;196;196;196;196;196;196;196;196;196;196;196;196;196;196;196;196;196;196;196;196;196;196;196;196;196;196;196;196;196;196;196;196;196;196;196;196;196;196;196;196;196;197;197;197;197;197;197;197;197;197;197;198;198;198;198;198;198;198;198;198;198;198;198;198;198;198;198;198;"196";""
67;196;196;196;196;196;196;196;196;196;196;196;196;196;196;196;196;196;196;196;196;196;196;196;196;196;196;196;196;196;196;196;196;196;196;196;196;196;196;196;196;196;196;196;196;196;196;196;196;196;196;196;196;197;197;197;197;197;197;197;197;197;197;198;198;198;198;198;198;198;198;198;198;198;198;198;198;198;198;198;"68";""
68;200;200;200;200;200;200;200;200;200;200;200;200;200;200;200;200;200;200;200;200;200;200;200;200;200;200;200;200;200;200;200;200;200;200;200;200;200;200;200;200;200;200;200;200;200;200;200;200;200;200;200;200;200;200;200;200;200;200;200;200;200;200;200;200;200;200;200;200;200;200;200;200;200;200;200;200;200;200;200;"ACEPTA";"PR07"
69;70;196;196;196;196;196;196;196;196;196;196;196;196;196;196;196;196;196;196;196;196;196;196;196;196;196;196;196;196;196;196;196;196;196;196;196;196;196;196;196;196;196;196;196;196;196;196;196;196;196;196;196;197;197;197;197;197;197;197;197;197;197;198;198;198;198;198;198;198;198;198;198;198;198;198;198;198;198;198;"196";""
70;196;196;196;196;196;196;196;196;196;196;196;196;196;196;196;196;196;71;196;196;196;196;196;196;196;196;196;196;196;196;196;196;196;196;196;196;196;196;196;196;196;196;196;196;196;196;196;196;196;196;196;196;197;197;197;197;197;197;197;197;197;197;198;198;198;198;198;198;198;198;198;198;198;198;198;198;198;198;198;"196";""
71;196;196;196;196;196;196;196;196;196;196;196;196;196;196;196;196;196;196;196;196;196;196;196;196;196;196;196;196;196;196;196;196;196;196;196;196;196;196;196;196;196;196;196;196;196;196;196;196;196;196;196;196;197;197;197;197;197;197;197;197;197;197;198;198;198;198;198;198;198;198;198;198;198;198;198;198;198;198;198;"72";""
72;200;200;200;200;200;200;200;200;200;200;200;200;200;200;200;200;200;200;200;200;200;200;200;200;200;200;200;200;200;200;200;200;200;200;200;200;200;200;200;200;200;200;200;200;200;200;200;200;200;200;200;200;200;200;200;200;200;200;200;200;200;200;200;200;200;200;200;200;200;200;200;200;200;200;200;200;200;200;200;"ACEPTA";"PTY01"
73;196;196;196;196;74;196;196;196;196;196;196;196;196;196;81;196;196;196;196;196;196;196;196;196;196;196;196;196;196;196;196;196;196;196;196;196;196;196;196;196;196;196;196;196;196;196;196;196;196;196;196;196;197;197;197;197;197;197;197;197;197;197;198;198;198;198;198;198;198;198;198;198;198;198;198;198;198;198;198;"196";""
74;196;196;196;196;196;75;196;196;196;196;196;196;196;196;196;196;196;196;196;196;196;196;196;196;196;196;196;196;196;196;196;196;196;196;196;196;196;196;196;196;196;196;196;196;196;196;196;196;196;196;196;196;197;197;197;197;197;197;197;197;197;197;198;198;198;198;198;198;198;198;198;198;198;198;198;198;198;198;198;"196";""
75;76;196;196;196;196;196;196;196;196;196;196;196;196;196;196;196;196;196;196;196;196;196;196;196;196;196;196;196;196;196;196;196;196;196;196;196;196;196;196;196;196;196;196;196;196;196;196;196;196;196;196;196;197;197;197;197;197;197;197;197;197;197;198;198;198;198;198;198;198;198;198;198;198;198;198;198;198;198;198;"196";""
76;196;196;196;196;196;196;196;196;196;196;196;196;196;196;196;196;196;196;196;196;77;196;196;196;196;196;196;196;196;196;196;196;196;196;196;196;196;196;196;196;196;196;196;196;196;196;196;196;196;196;196;196;197;197;197;197;197;197;197;197;197;197;198;198;198;198;198;198;198;198;198;198;198;198;198;198;198;198;198;"196";""
77;196;196;196;196;196;196;196;196;196;196;196;78;196;196;196;196;196;196;196;196;196;196;196;196;196;196;196;196;196;196;196;196;196;196;196;196;196;196;196;196;196;196;196;196;196;196;196;196;196;196;196;196;197;197;197;197;197;197;197;197;197;197;198;198;198;198;198;198;198;198;198;198;198;198;198;198;198;198;198;"196";""
78;196;196;196;196;196;196;196;196;196;196;196;196;196;196;196;196;196;196;196;79;196;196;196;196;196;196;196;196;196;196;196;196;196;196;196;196;196;196;196;196;196;196;196;196;196;196;196;196;196;196;196;196;197;197;197;197;197;197;197;197;197;197;198;198;198;198;198;198;198;198;198;198;198;198;198;198;198;198;198;"196";""
79;196;196;196;196;196;196;196;196;196;196;196;196;196;196;196;196;196;196;196;196;196;196;196;196;196;196;196;196;196;196;196;196;196;196;196;196;196;196;196;196;196;196;196;196;196;196;196;196;196;196;196;196;197;197;197;197;197;197;197;197;197;197;198;198;198;198;198;198;198;198;198;198;198;198;198;198;198;198;198;"80";""
80;200;200;200;200;200;200;200;200;200;200;200;200;200;200;200;200;200;200;200;200;200;200;200;200;200;200;200;200;200;200;200;200;200;200;200;200;200;200;200;200;200;200;200;200;200;200;200;200;200;200;200;200;200;200;200;200;200;200;200;200;200;200;200;200;200;200;200;200;200;200;200;200;200;200;200;200;200;200;200;"ACEPTA";"PR08"
81;196;196;196;196;196;196;196;196;196;196;196;196;196;196;196;196;196;196;196;196;82;196;196;196;196;196;196;196;196;196;196;196;196;196;196;196;196;196;196;196;196;196;196;196;196;196;196;196;196;196;196;196;197;197;197;197;197;197;197;197;197;197;198;198;198;198;198;198;198;198;198;198;198;198;198;198;198;198;198;"196";""
82;196;83;196;196;196;196;196;196;196;196;196;196;196;196;196;196;196;196;196;196;196;196;196;196;196;196;196;196;196;196;196;196;196;196;196;196;196;196;196;196;196;196;196;196;196;196;196;196;196;196;196;196;197;197;197;197;197;197;197;197;197;197;198;198;198;198;198;198;198;198;198;198;198;198;198;198;198;198;198;"196";""
83;196;196;196;196;196;196;196;196;196;196;196;84;196;196;196;196;196;196;196;196;196;196;196;196;196;196;196;196;196;196;196;196;196;196;196;196;196;196;196;196;196;196;196;196;196;196;196;196;196;196;196;196;197;197;197;197;197;197;197;197;197;197;198;198;198;198;198;198;198;198;198;198;198;198;198;198;198;198;198;"196";""
84;196;196;196;196;85;196;196;196;196;196;196;196;196;196;196;196;196;196;196;196;196;196;196;196;196;196;196;196;196;196;196;196;196;196;196;196;196;196;196;196;196;196;196;196;196;196;196;196;196;196;196;196;197;197;197;197;197;197;197;197;197;197;198;198;198;198;198;198;198;198;198;198;198;198;198;198;198;198;198;"196";""
85;196;196;196;196;196;196;196;196;196;196;196;196;196;196;196;196;196;196;196;196;196;196;196;196;196;196;196;196;196;196;196;196;196;196;196;196;196;196;196;196;196;196;196;196;196;196;196;196;196;196;196;196;197;197;197;197;197;197;197;197;197;197;198;198;198;198;198;198;198;198;198;198;198;198;198;198;198;198;198;"86";""
86;200;200;200;200;200;200;200;200;200;200;200;200;200;200;200;200;200;200;200;200;200;200;200;200;200;200;200;200;200;200;200;200;200;200;200;200;200;200;200;200;200;200;200;200;200;200;200;200;200;200;200;200;200;200;200;200;200;200;200;200;200;200;200;200;200;200;200;200;200;200;200;200;200;200;200;200;200;200;200;"ACEPTA";"PTY05"
87;196;196;196;196;196;196;196;196;196;196;196;88;196;92;196;196;196;196;196;196;196;196;196;196;196;196;196;196;196;196;196;196;196;196;196;196;196;196;196;196;196;196;196;196;196;196;196;196;196;196;196;196;197;197;197;197;197;197;197;197;197;197;198;198;198;198;198;198;198;198;198;198;198;198;198;198;198;198;198;"196";""
88;196;196;196;196;196;196;196;196;196;196;196;196;196;196;196;196;196;196;89;196;196;196;196;196;196;196;196;196;196;196;196;196;196;196;196;196;196;196;196;196;196;196;196;196;196;196;196;196;196;196;196;196;197;197;197;197;197;197;197;197;197;197;198;198;198;198;198;198;198;198;198;198;198;198;198;198;198;198;198;"196";""
89;196;196;196;196;90;196;196;196;196;196;196;196;196;196;196;196;196;196;196;196;196;196;196;196;196;196;196;196;196;196;196;196;196;196;196;196;196;196;196;196;196;196;196;196;196;196;196;196;196;196;196;196;197;197;197;197;197;197;197;197;197;197;198;198;198;198;198;198;198;198;198;198;198;198;198;198;198;198;198;"196";""
90;196;196;196;196;196;196;196;196;196;196;196;196;196;196;196;196;196;196;196;196;196;196;196;196;196;196;196;196;196;196;196;196;196;196;196;196;196;196;196;196;196;196;196;196;196;196;196;196;196;196;196;196;197;197;197;197;197;197;197;197;197;197;198;198;198;198;198;198;198;198;198;198;198;198;198;198;198;198;198;"91";""
91;200;200;200;200;200;200;200;200;200;200;200;200;200;200;200;200;200;200;200;200;200;200;200;200;200;200;200;200;200;200;200;200;200;200;200;200;200;200;200;200;200;200;200;200;200;200;200;200;200;200;200;200;200;200;200;200;200;200;200;200;200;200;200;200;200;200;200;200;200;200;200;200;200;200;200;200;200;200;200;"ACEPTA";"PR04"
92;196;196;196;93;196;196;196;196;196;196;196;196;196;196;196;196;196;196;196;196;196;196;196;196;196;196;196;196;196;196;196;196;196;196;196;196;196;196;196;196;196;196;196;196;196;196;196;196;196;196;196;196;197;197;197;197;197;197;197;197;197;197;198;198;198;198;198;198;198;198;198;198;198;198;198;198;198;198;198;"196";""
93;196;196;196;196;196;196;196;196;196;196;196;196;196;196;196;196;196;196;196;196;196;196;196;196;196;196;196;196;196;196;196;196;196;196;196;196;196;196;196;196;196;196;196;196;196;196;196;196;196;196;196;196;197;197;197;197;197;197;197;197;197;197;198;198;198;198;198;198;198;198;198;198;198;198;198;198;198;198;198;"94";""
94;200;200;200;200;200;200;200;200;200;200;200;200;200;200;200;200;200;200;200;200;200;200;200;200;200;200;200;200;200;200;200;200;200;200;200;200;200;200;200;200;200;200;200;200;200;200;200;200;200;200;200;200;200;200;200;200;200;200;200;200;200;200;200;200;200;200;200;200;200;200;200;200;200;200;200;200;200;200;200;"ACEPTA";"PR02"
95;96;196;196;196;196;196;196;196;196;196;196;196;196;196;101;196;196;196;196;196;196;196;196;196;196;196;196;196;196;196;196;196;196;196;196;196;196;196;196;196;196;196;196;196;196;196;196;196;196;196;196;196;197;197;197;197;197;197;197;197;197;197;198;198;198;198;198;198;198;198;198;198;198;198;198;198;198;198;198;"196";""
96;196;196;196;196;196;196;196;196;196;196;196;97;196;196;196;196;196;196;196;196;196;196;196;196;196;196;196;196;196;196;196;196;196;196;196;196;196;196;196;196;196;196;196;196;196;196;196;196;196;196;196;196;197;197;197;197;197;197;197;197;197;197;198;198;198;198;198;198;198;198;198;198;198;198;198;198;198;198;198;"196";""
97;196;196;196;196;196;196;196;196;196;196;196;196;196;196;196;196;196;196;98;196;196;196;196;196;196;196;196;196;196;196;196;196;196;196;196;196;196;196;196;196;196;196;196;196;196;196;196;196;196;196;196;196;197;197;197;197;197;197;197;197;197;197;198;198;198;198;198;198;198;198;198;198;198;198;198;198;198;198;198;"196";""
98;196;196;196;196;99;196;196;196;196;196;196;196;196;196;196;196;196;196;196;196;196;196;196;196;196;196;196;196;196;196;196;196;196;196;196;196;196;196;196;196;196;196;196;196;196;196;196;196;196;196;196;196;197;197;197;197;197;197;197;197;197;197;198;198;198;198;198;198;198;198;198;198;198;198;198;198;198;198;198;"196";""
99;196;196;196;196;196;196;196;196;196;196;196;196;196;196;196;196;196;196;196;196;196;196;196;196;196;196;196;196;196;196;196;196;196;196;196;196;196;196;196;196;196;196;196;196;196;196;196;196;196;196;196;196;197;197;197;197;197;197;197;197;197;197;198;198;198;198;198;198;198;198;198;198;198;198;198;198;198;198;198;"100";""
100;200;200;200;200;200;200;200;200;200;200;200;200;200;200;200;200;200;200;200;200;200;200;200;200;200;200;200;200;200;200;200;200;200;200;200;200;200;200;200;200;200;200;200;200;200;200;200;200;200;200;200;200;200;200;200;200;200;200;200;200;200;200;200;200;200;200;200;200;200;200;200;200;200;200;200;200;200;200;200;"ACEPTA";"BLNFALSE"
101;196;196;196;196;196;196;196;196;196;196;196;196;196;196;196;196;196;102;196;196;196;196;196;196;196;196;196;196;196;196;196;196;196;196;196;196;196;196;196;196;196;196;196;196;196;196;196;196;196;196;196;196;197;197;197;197;197;197;197;197;197;197;198;198;198;198;198;198;198;198;198;198;198;198;198;198;198;198;198;"196";""
102;196;196;196;196;196;196;196;196;196;196;196;196;196;196;196;196;196;196;196;196;196;196;196;196;196;196;196;196;196;196;196;196;196;196;196;196;196;196;196;196;196;196;196;196;196;196;196;196;196;196;196;196;197;197;197;197;197;197;197;197;197;197;198;198;198;198;198;198;198;198;198;198;198;198;198;198;198;198;198;"103";""
103;200;200;200;200;200;200;200;200;200;200;200;200;200;200;200;200;200;200;200;200;200;200;200;200;200;200;200;200;200;200;200;200;200;200;200;200;200;200;200;200;200;200;200;200;200;200;200;200;200;200;200;200;200;200;200;200;200;200;200;200;200;200;200;200;200;200;200;200;200;200;200;200;200;200;200;200;200;200;200;"ACEPTA";"PR10"
104;196;196;196;196;196;105;196;196;196;196;196;196;196;107;196;196;196;196;196;196;196;196;196;196;196;196;196;196;196;196;196;196;196;196;196;196;196;196;196;196;196;196;196;196;196;196;196;196;196;196;196;196;197;197;197;197;197;197;197;197;197;197;198;198;198;198;198;198;198;198;198;198;198;198;198;198;198;198;198;"196";""
105;196;196;196;196;196;196;196;196;196;196;196;196;196;196;196;196;196;196;196;196;196;196;196;196;196;196;196;196;196;196;196;196;196;196;196;196;196;196;196;196;196;196;196;196;196;196;196;196;196;196;196;196;197;197;197;197;197;197;197;197;197;197;198;198;198;198;198;198;198;198;198;198;198;198;198;198;198;198;198;"106";""
106;200;200;200;200;200;200;200;200;200;200;200;200;200;200;200;200;200;200;200;200;200;200;200;200;200;200;200;200;200;200;200;200;200;200;200;200;200;200;200;200;200;200;200;200;200;200;200;200;200;200;200;200;200;200;200;200;200;200;200;200;200;200;200;200;200;200;200;200;200;200;200;200;200;200;200;200;200;200;200;"ACEPTA";"PR03"
107;196;196;196;196;196;196;196;196;196;196;196;196;196;196;196;196;196;196;196;108;196;196;196;196;196;196;196;196;196;196;196;196;196;196;196;196;196;196;196;196;196;196;196;196;196;196;196;196;196;196;196;196;197;197;197;197;197;197;197;197;197;197;198;198;198;198;198;198;198;198;198;198;198;198;198;198;198;198;198;"196";""
108;196;196;196;196;196;196;196;196;196;196;196;196;196;196;196;196;196;196;196;196;196;196;196;196;196;196;196;196;196;196;196;196;196;196;196;196;196;196;196;196;196;196;196;196;196;196;196;196;196;196;196;196;197;197;197;197;197;197;197;197;197;197;198;198;198;198;198;198;198;198;198;198;198;198;198;198;198;198;198;"109";""
109;200;200;200;200;200;200;200;200;200;200;200;200;200;200;200;200;200;200;200;200;200;200;200;200;200;200;200;200;200;200;200;200;200;200;200;200;200;200;200;200;200;200;200;200;200;200;200;200;200;200;200;200;200;200;200;200;200;200;200;200;200;200;200;200;200;200;200;200;200;200;200;200;200;200;200;200;200;200;200;"ACEPTA";"PTY04"
110;196;196;196;196;196;196;196;196;196;196;196;196;196;196;196;196;196;196;196;196;111;196;196;196;196;196;196;196;196;196;196;196;196;196;196;196;196;196;196;196;196;196;196;196;196;196;196;196;196;196;196;196;197;197;197;197;197;197;197;197;197;197;198;198;198;198;198;198;198;198;198;198;198;198;198;198;198;198;198;"196";""
111;196;196;196;196;196;196;196;196;196;196;196;112;196;196;196;196;196;196;196;196;196;196;196;196;196;196;196;196;196;196;196;196;196;196;196;196;196;196;196;196;196;196;196;196;196;196;196;196;196;196;196;196;197;197;197;197;197;197;197;197;197;197;198;198;198;198;198;198;198;198;198;198;198;198;198;198;198;198;198;"196";""
112;196;196;196;196;196;196;196;196;196;196;196;113;196;196;196;196;196;196;196;196;196;196;196;196;196;196;196;196;196;196;196;196;196;196;196;196;196;196;196;196;196;196;196;196;196;196;196;196;196;196;196;196;197;197;197;197;197;197;197;197;197;197;198;198;198;198;198;198;198;198;198;198;198;198;198;198;198;198;198;"196";""
113;196;196;196;196;196;196;196;196;196;196;196;196;196;196;196;196;196;196;196;196;196;196;196;196;196;196;196;196;196;196;196;196;196;196;196;196;196;196;196;196;196;196;196;196;196;196;196;196;196;196;196;196;197;197;197;197;197;197;197;197;197;197;198;198;198;198;198;198;198;198;198;198;198;198;198;198;198;198;198;"114";""
114;200;200;200;200;200;200;200;200;200;200;200;200;200;200;200;200;200;200;200;200;200;200;200;200;200;200;200;200;200;200;200;200;200;200;200;200;200;200;200;200;200;200;200;200;200;200;200;200;200;200;200;200;200;200;200;200;200;200;200;200;200;200;200;200;200;200;200;200;200;200;200;200;200;200;200;200;200;200;200;"ACEPTA";"PDA01"
115;196;196;196;196;116;196;196;196;196;196;196;196;196;196;196;196;196;196;196;196;196;196;196;196;196;196;196;196;196;196;196;196;196;196;196;196;196;196;196;196;196;196;196;196;196;196;196;196;196;196;196;196;197;197;197;197;197;197;197;197;197;197;198;198;198;198;198;198;198;198;198;198;198;198;198;198;198;198;198;"196";""
116;117;196;196;196;196;196;196;196;196;196;196;196;196;196;196;196;196;196;196;196;196;196;196;196;196;196;196;196;196;196;196;196;196;196;196;196;196;196;196;196;196;196;196;196;196;196;196;196;196;196;196;196;197;197;197;197;197;197;197;197;197;197;198;198;198;198;198;198;198;198;198;198;198;198;198;198;198;198;198;"196";""
117;196;196;196;118;196;196;196;196;196;196;196;196;196;196;196;196;196;196;196;196;196;196;196;196;196;196;196;196;196;196;196;196;196;196;196;196;196;196;196;196;196;196;196;196;196;196;196;196;196;196;196;196;197;197;197;197;197;197;197;197;197;197;198;198;198;198;198;198;198;198;198;198;198;198;198;198;198;198;198;"196";""
118;196;196;196;196;196;196;196;196;196;196;196;196;196;196;196;196;196;196;196;196;196;196;196;196;196;196;196;196;196;196;196;196;196;196;196;196;196;196;196;196;196;196;196;196;196;196;196;196;196;196;196;196;197;197;197;197;197;197;197;197;197;197;198;198;198;198;198;198;198;198;198;198;198;198;198;198;198;198;198;"119";""
119;200;200;200;200;200;200;200;200;200;200;200;200;200;200;200;200;200;200;200;200;200;200;200;200;200;200;200;200;200;200;200;200;200;200;200;200;200;200;200;200;200;200;200;200;200;200;200;200;200;200;200;200;200;200;200;200;200;200;200;200;200;200;200;200;200;200;200;200;200;200;200;200;200;200;200;200;200;200;200;"ACEPTA";"PDA03"
120;196;196;196;196;196;196;196;196;196;196;196;196;196;196;196;196;196;196;196;121;196;196;130;196;196;196;196;196;196;196;196;196;196;196;196;196;196;196;196;196;196;196;196;196;196;196;196;196;196;196;196;196;197;197;197;197;197;197;197;197;197;197;198;198;198;198;198;198;198;198;198;198;198;198;198;198;198;198;198;"196";""
121;122;196;196;196;196;196;196;196;196;196;196;196;196;196;196;196;196;125;196;196;196;196;196;196;196;196;196;196;196;196;196;196;196;196;196;196;196;196;196;196;196;196;196;196;196;196;196;196;196;196;196;196;197;197;197;197;197;197;197;197;197;197;198;198;198;198;198;198;198;198;198;198;198;198;198;198;198;198;198;"196";""
122;196;196;196;196;196;196;196;196;196;196;196;196;196;196;196;196;196;123;196;196;196;196;196;196;196;196;196;196;196;196;196;196;196;196;196;196;196;196;196;196;196;196;196;196;196;196;196;196;196;196;196;196;197;197;197;197;197;197;197;197;197;197;198;198;198;198;198;198;198;198;198;198;198;198;198;198;198;198;198;"196";""
123;196;196;196;196;196;196;196;196;196;196;196;196;196;196;196;196;196;196;196;196;196;196;196;196;196;196;196;196;196;196;196;196;196;196;196;196;196;196;196;196;196;196;196;196;196;196;196;196;196;196;196;196;197;197;197;197;197;197;197;197;197;197;198;198;198;198;198;198;198;198;198;198;198;198;198;198;198;198;198;"124";""
124;200;200;200;200;200;200;200;200;200;200;200;200;200;200;200;200;200;200;200;200;200;200;200;200;200;200;200;200;200;200;200;200;200;200;200;200;200;200;200;200;200;200;200;200;200;200;200;200;200;200;200;200;200;200;200;200;200;200;200;200;200;200;200;200;200;200;200;200;200;200;200;200;200;200;200;200;200;200;200;"ACEPTA";"PR01"
125;196;196;196;196;196;196;196;196;126;196;196;196;196;196;196;196;196;196;196;196;196;196;196;196;196;196;196;196;196;196;196;196;196;196;196;196;196;196;196;196;196;196;196;196;196;196;196;196;196;196;196;196;197;197;197;197;197;197;197;197;197;197;198;198;198;198;198;198;198;198;198;198;198;198;198;198;198;198;198;"196";""
126;196;196;196;196;196;196;196;196;196;196;196;196;196;127;196;196;196;196;196;196;196;196;196;196;196;196;196;196;196;196;196;196;196;196;196;196;196;196;196;196;196;196;196;196;196;196;196;196;196;196;196;196;197;197;197;197;197;197;197;197;197;197;198;198;198;198;198;198;198;198;198;198;198;198;198;198;198;198;198;"196";""
127;196;196;196;196;196;196;128;196;196;196;196;196;196;196;196;196;196;196;196;196;196;196;196;196;196;196;196;196;196;196;196;196;196;196;196;196;196;196;196;196;196;196;196;196;196;196;196;196;196;196;196;196;197;197;197;197;197;197;197;197;197;197;198;198;198;198;198;198;198;198;198;198;198;198;198;198;198;198;198;"196";""
128;196;196;196;196;196;196;196;196;196;196;196;196;196;196;196;196;196;196;196;196;196;196;196;196;196;196;196;196;196;196;196;196;196;196;196;196;196;196;196;196;196;196;196;196;196;196;196;196;196;196;196;196;197;197;197;197;197;197;197;197;197;197;198;198;198;198;198;198;198;198;198;198;198;198;198;198;198;198;198;"129";""
129;200;200;200;200;200;200;200;200;200;200;200;200;200;200;200;200;200;200;200;200;200;200;200;200;200;200;200;200;200;200;200;200;200;200;200;200;200;200;200;200;200;200;200;200;200;200;200;200;200;200;200;200;200;200;200;200;200;200;200;200;200;200;200;200;200;200;200;200;200;200;200;200;200;200;200;200;200;200;200;"ACEPTA";"PTY02"
130;196;196;196;196;196;196;196;196;131;196;196;196;196;196;196;196;196;196;196;196;196;196;196;196;196;196;196;196;196;196;196;196;196;196;196;196;196;196;196;196;196;196;196;196;196;196;196;196;196;196;196;196;197;197;197;197;197;197;197;197;197;197;198;198;198;198;198;198;198;198;198;198;198;198;198;198;198;198;198;"196";""
131;196;196;196;196;196;196;196;196;196;196;196;196;196;196;196;196;196;196;196;132;196;196;196;196;196;196;196;196;196;196;196;196;196;196;196;196;196;196;196;196;196;196;196;196;196;196;196;196;196;196;196;196;197;197;197;197;197;197;197;197;197;197;198;198;198;198;198;198;198;198;198;198;198;198;198;198;198;198;198;"196";""
132;196;196;133;196;196;196;196;196;196;196;196;196;196;196;196;196;196;196;196;196;196;196;196;196;196;196;196;196;196;196;196;196;196;196;196;196;196;196;196;196;196;196;196;196;196;196;196;196;196;196;196;196;197;197;197;197;197;197;197;197;197;197;198;198;198;198;198;198;198;198;198;198;198;198;198;198;198;198;198;"196";""
133;196;196;196;196;196;196;196;134;196;196;196;196;196;196;196;196;196;196;196;196;196;196;196;196;196;196;196;196;196;196;196;196;196;196;196;196;196;196;196;196;196;196;196;196;196;196;196;196;196;196;196;196;197;197;197;197;197;197;197;197;197;197;198;198;198;198;198;198;198;198;198;198;198;198;198;198;198;198;198;"196";""
134;196;196;196;196;196;196;196;196;196;196;196;196;196;196;196;196;196;196;196;196;196;196;196;196;196;196;196;196;196;196;196;196;196;196;196;196;196;196;196;196;196;196;196;196;196;196;196;196;196;196;196;196;197;197;197;197;197;197;197;197;197;197;198;198;198;198;198;198;198;198;198;198;198;198;198;198;198;198;198;"135";""
135;200;200;200;200;200;200;200;200;200;200;200;200;200;200;200;200;200;200;200;200;200;200;200;200;200;200;200;200;200;200;200;200;200;200;200;200;200;200;200;200;200;200;200;200;200;200;200;200;200;200;200;200;200;200;200;200;200;200;200;200;200;200;200;200;200;200;200;200;200;200;200;200;200;200;200;200;200;200;200;"ACEPTA";"PR05"
136;196;196;196;196;196;196;196;196;196;196;196;196;196;196;196;196;196;137;196;196;196;196;196;196;196;196;196;196;196;196;196;196;196;196;196;196;196;196;196;196;196;196;196;196;196;196;196;196;196;196;196;196;197;197;197;197;197;197;197;197;197;197;198;198;198;198;198;198;198;198;198;198;198;198;198;198;198;198;198;"196";""
137;196;196;196;196;196;196;196;196;196;196;196;196;196;196;196;196;196;196;196;196;138;196;196;196;196;196;196;196;196;196;196;196;196;196;196;196;196;196;196;196;196;196;196;196;196;196;196;196;196;196;196;196;197;197;197;197;197;197;197;197;197;197;198;198;198;198;198;198;198;198;198;198;198;198;198;198;198;198;198;"196";""
138;196;196;196;196;139;196;196;196;196;196;196;196;196;196;196;196;196;196;196;196;196;196;196;196;196;196;196;196;196;196;196;196;196;196;196;196;196;196;196;196;196;196;196;196;196;196;196;196;196;196;196;196;197;197;197;197;197;197;197;197;197;197;198;198;198;198;198;198;198;198;198;198;198;198;198;198;198;198;198;"196";""
139;196;196;196;196;196;196;196;196;196;196;196;196;196;196;196;196;196;196;196;196;196;196;196;196;196;196;196;196;196;196;196;196;196;196;196;196;196;196;196;196;196;196;196;196;196;196;196;196;196;196;196;196;197;197;197;197;197;197;197;197;197;197;198;198;198;198;198;198;198;198;198;198;198;198;198;198;198;198;198;"140";""
140;200;200;200;200;200;200;200;200;200;200;200;200;200;200;200;200;200;200;200;200;200;200;200;200;200;200;200;200;200;200;200;200;200;200;200;200;200;200;200;200;200;200;200;200;200;200;200;200;200;200;200;200;200;200;200;200;200;200;200;200;200;200;200;200;200;200;200;200;200;200;200;200;200;200;200;200;200;200;200;"ACEPTA";"BLNTRUE"
141;196;196;196;196;196;196;196;196;196;196;196;196;196;196;142;196;196;196;196;196;196;196;196;196;196;196;196;196;196;196;196;196;196;196;196;196;196;196;196;196;196;196;196;196;196;196;196;196;196;196;196;196;197;197;197;197;197;197;197;197;197;197;198;198;198;198;198;198;198;198;198;198;198;198;198;198;198;198;198;"196";""
142;196;196;196;196;196;196;196;196;143;196;196;196;196;196;196;196;196;196;196;196;196;196;196;196;196;196;196;196;196;196;196;196;196;196;196;196;196;196;196;196;196;196;196;196;196;196;196;196;196;196;196;196;197;197;197;197;197;197;197;197;197;197;198;198;198;198;198;198;198;198;198;198;198;198;198;198;198;198;198;"196";""
143;196;196;196;144;196;196;196;196;196;196;196;196;196;196;196;196;196;196;196;196;196;196;196;196;196;196;196;196;196;196;196;196;196;196;196;196;196;196;196;196;196;196;196;196;196;196;196;196;196;196;196;196;197;197;197;197;197;197;197;197;197;197;198;198;198;198;198;198;198;198;198;198;198;198;198;198;198;198;198;"196";""
144;196;196;196;196;196;196;196;196;196;196;196;196;196;196;196;196;196;196;196;196;196;196;196;196;196;196;196;196;196;196;196;196;196;196;196;196;196;196;196;196;196;196;196;196;196;196;196;196;196;196;196;196;197;197;197;197;197;197;197;197;197;197;198;198;198;198;198;198;198;198;198;198;198;198;198;198;198;198;198;"145";""
145;200;200;200;200;200;200;200;200;200;200;200;200;200;200;200;200;200;200;200;200;200;200;200;200;200;200;200;200;200;200;200;200;200;200;200;200;200;200;200;200;200;200;200;200;200;200;200;200;200;200;200;200;200;200;200;200;200;200;200;200;200;200;200;200;200;200;200;200;200;200;200;200;200;200;200;200;200;200;200;"ACEPTA";"PDA02"
146;196;196;196;196;196;196;196;147;196;196;196;196;196;196;196;196;196;152;196;196;196;196;196;196;196;196;196;196;196;196;196;196;196;196;196;196;196;196;196;196;196;196;196;196;196;196;196;196;196;196;196;196;197;197;197;197;197;197;197;197;197;197;198;198;198;198;198;198;198;198;198;198;198;198;198;198;198;198;198;"196";""
147;196;196;196;196;196;196;196;196;148;196;196;196;196;196;196;196;196;196;196;196;196;196;196;196;196;196;196;196;196;196;196;196;196;196;196;196;196;196;196;196;196;196;196;196;196;196;196;196;196;196;196;196;197;197;197;197;197;197;197;197;197;197;198;198;198;198;198;198;198;198;198;198;198;198;198;198;198;198;198;"196";""
148;196;196;196;196;196;196;196;196;196;196;196;149;196;196;196;196;196;196;196;196;196;196;196;196;196;196;196;196;196;196;196;196;196;196;196;196;196;196;196;196;196;196;196;196;196;196;196;196;196;196;196;196;197;197;197;197;197;197;197;197;197;197;198;198;198;198;198;198;198;198;198;198;198;198;198;198;198;198;198;"196";""
149;196;196;196;196;150;196;196;196;196;196;196;196;196;196;196;196;196;196;196;196;196;196;196;196;196;196;196;196;196;196;196;196;196;196;196;196;196;196;196;196;196;196;196;196;196;196;196;196;196;196;196;196;197;197;197;197;197;197;197;197;197;197;198;198;198;198;198;198;198;198;198;198;198;198;198;198;198;198;198;"196";""
150;196;196;196;196;196;196;196;196;196;196;196;196;196;196;196;196;196;196;196;196;196;196;196;196;196;196;196;196;196;196;196;196;196;196;196;196;196;196;196;196;196;196;196;196;196;196;196;196;196;196;196;196;197;197;197;197;197;197;197;197;197;197;198;198;198;198;198;198;198;198;198;198;198;198;198;198;198;198;198;"151";""
151;200;200;200;200;200;200;200;200;200;200;200;200;200;200;200;200;200;200;200;200;200;200;200;200;200;200;200;200;200;200;200;200;200;200;200;200;200;200;200;200;200;200;200;200;200;200;200;200;200;200;200;200;200;200;200;200;200;200;200;200;200;200;200;200;200;200;200;200;200;200;200;200;200;200;200;200;200;200;200;"ACEPTA";"PR09"
152;196;196;196;196;196;196;196;196;153;196;196;196;196;196;196;196;196;196;196;196;196;196;196;196;196;196;196;196;196;196;196;196;196;196;196;196;196;196;196;196;196;196;196;196;196;196;196;196;196;196;196;196;197;197;197;197;197;197;197;197;197;197;198;198;198;198;198;198;198;198;198;198;198;198;198;198;198;198;198;"196";""
153;196;196;196;196;196;196;196;196;196;196;196;196;196;196;196;196;196;196;196;154;196;196;196;196;196;196;196;196;196;196;196;196;196;196;196;196;196;196;196;196;196;196;196;196;196;196;196;196;196;196;196;196;197;197;197;197;197;197;197;197;197;197;198;198;198;198;198;198;198;198;198;198;198;198;198;198;198;198;198;"196";""
154;196;196;196;196;155;196;196;196;196;196;196;196;196;196;196;196;196;196;196;196;196;196;196;196;196;196;196;196;196;196;196;196;196;196;196;196;196;196;196;196;196;196;196;196;196;196;196;196;196;196;196;196;197;197;197;197;197;197;197;197;197;197;198;198;198;198;198;198;198;198;198;198;198;198;198;198;198;198;198;"196";""
155;196;196;196;196;196;196;196;196;196;196;196;196;196;196;196;196;196;196;196;196;196;196;196;196;196;196;196;196;196;196;196;196;196;196;196;196;196;196;196;196;196;196;196;196;196;196;196;196;196;196;196;196;197;197;197;197;197;197;197;197;197;197;198;198;198;198;198;198;198;198;198;198;198;198;198;198;198;198;198;"156";""
156;200;200;200;200;200;200;200;200;200;200;200;200;200;200;200;200;200;200;200;200;200;200;200;200;200;200;200;200;200;200;200;200;200;200;200;200;200;200;200;200;200;200;200;200;200;200;200;200;200;200;200;200;200;200;200;200;200;200;200;200;200;200;200;200;200;200;200;200;200;200;200;200;200;200;200;200;200;200;200;"ACEPTA";"PDA04"
157;200;200;200;200;200;200;200;200;200;200;200;200;200;200;200;200;200;200;200;200;200;200;200;200;200;200;200;200;200;200;200;200;200;200;200;200;200;200;200;200;200;200;200;200;200;200;200;200;200;200;200;200;200;200;200;200;200;200;200;200;200;200;200;200;200;200;200;200;200;200;200;200;200;200;200;200;200;200;200;"196";""
158;200;200;200;200;200;200;200;200;200;200;200;200;200;200;200;200;200;200;200;200;200;200;200;200;200;200;200;200;200;200;200;200;200;200;200;200;200;200;200;200;200;200;200;200;200;200;200;200;200;200;200;200;200;200;200;200;200;200;200;200;200;200;200;200;200;200;200;200;200;200;200;200;200;200;200;200;200;200;200;"196";""
159;200;200;200;200;200;200;200;200;200;200;200;200;200;200;200;200;200;200;200;200;200;200;200;200;200;200;200;200;200;200;200;200;200;200;200;200;200;200;200;200;200;200;200;200;200;200;200;200;200;200;200;200;200;200;200;200;200;200;200;200;200;200;200;200;200;200;200;200;200;200;200;200;200;200;200;200;200;200;200;"196";""
160;198;198;198;198;198;198;198;198;198;198;198;198;198;198;198;198;198;198;198;198;198;198;198;198;198;198;198;198;198;198;198;198;198;198;198;198;198;198;198;198;198;198;198;198;198;198;198;198;198;198;198;198;198;198;198;198;198;198;198;198;198;198;198;198;198;198;198;198;198;198;198;198;198;198;198;198;198;198;198;"161";""
161;200;200;200;200;200;200;200;200;200;200;200;200;200;200;200;200;200;200;200;200;200;200;200;200;200;200;200;200;200;200;200;200;200;200;200;200;200;200;200;200;200;200;200;200;200;200;200;200;200;200;200;200;200;200;200;200;200;200;200;200;200;200;200;200;200;200;200;200;200;200;200;200;200;200;200;200;200;200;200;"ACEPTA";"CORI"
162;198;198;198;198;198;198;198;198;198;198;198;198;198;198;198;198;198;198;198;198;198;198;198;198;198;198;198;198;198;198;198;198;198;198;198;198;198;198;198;198;198;198;198;198;198;198;198;198;198;198;198;198;198;198;198;198;198;198;198;198;198;198;198;198;198;198;198;198;198;198;198;198;198;198;198;198;198;198;198;"163";""
163;200;200;200;200;200;200;200;200;200;200;200;200;200;200;200;200;200;200;200;200;200;200;200;200;200;200;200;200;200;200;200;200;200;200;200;200;200;200;200;200;200;200;200;200;200;200;200;200;200;200;200;200;200;200;200;200;200;200;200;200;200;200;200;200;200;200;200;200;200;200;200;200;200;200;200;200;200;200;200;"ACEPTA";"CORF"
164;198;198;198;198;198;198;198;198;198;198;198;198;198;198;198;198;198;198;198;198;198;198;198;198;198;198;198;198;198;198;198;198;198;198;198;198;198;198;198;198;198;198;198;198;198;198;198;198;198;198;198;198;198;198;198;198;198;198;198;198;198;198;198;198;198;198;198;198;198;198;198;198;198;198;198;198;198;198;198;"165";""
165;200;200;200;200;200;200;200;200;200;200;200;200;200;200;200;200;200;200;200;200;200;200;200;200;200;200;200;200;200;200;200;200;200;200;200;200;200;200;200;200;200;200;200;200;200;200;200;200;200;200;200;200;200;200;200;200;200;200;200;200;200;200;200;200;200;200;200;200;200;200;200;200;200;200;200;200;200;200;200;"ACEPTA";"PARI"
166;198;198;198;198;198;198;198;198;198;198;198;198;198;198;198;198;198;198;198;198;198;198;198;198;198;198;198;198;198;198;198;198;198;198;198;198;198;198;198;198;198;198;198;198;198;198;198;198;198;198;198;198;198;198;198;198;198;198;198;198;198;198;198;198;198;198;198;198;198;198;198;198;198;198;198;198;198;198;198;"167";""
167;200;200;200;200;200;200;200;200;200;200;200;200;200;200;200;200;200;200;200;200;200;200;200;200;200;200;200;200;200;200;200;200;200;200;200;200;200;200;200;200;200;200;200;200;200;200;200;200;200;200;200;200;200;200;200;200;200;200;200;200;200;200;200;200;200;200;200;200;200;200;200;200;200;200;200;200;200;200;200;"ACEPTA";"PARF"
168;200;200;200;200;200;200;200;200;200;200;200;200;200;200;200;200;200;200;200;200;200;200;200;200;200;200;200;200;200;200;200;200;200;200;200;200;200;200;200;200;200;200;200;200;200;200;200;200;200;200;200;200;200;200;200;200;200;200;200;200;200;200;200;200;200;200;200;200;200;200;200;200;200;200;200;200;200;200;200;"200";"200"
169;200;200;200;200;200;200;200;200;200;200;200;200;200;200;200;200;200;200;200;200;200;200;200;200;200;200;200;200;200;200;200;200;200;200;200;200;200;200;200;200;200;200;200;200;200;200;200;200;200;200;200;200;200;200;200;200;200;200;200;200;200;200;200;200;200;200;200;200;200;200;200;200;200;200;200;200;200;200;200;"200";"200"
170;200;200;200;200;200;200;200;200;200;200;200;200;200;200;200;200;200;200;200;200;200;200;200;200;200;200;200;200;200;200;200;200;200;200;200;200;200;200;200;200;200;200;200;200;200;200;200;200;200;200;200;200;200;200;200;200;200;200;200;200;200;200;200;200;200;200;200;200;200;200;200;200;200;200;200;200;200;200;200;"200";"200"
171;200;200;200;200;200;200;200;200;200;200;200;200;200;200;200;200;200;200;200;200;200;200;200;200;200;200;200;200;200;200;200;200;200;200;200;200;200;200;200;200;200;200;200;200;200;200;200;200;200;200;200;200;200;200;200;200;200;200;200;200;200;200;200;200;200;200;200;200;200;200;200;200;200;200;200;200;200;200;200;"200";"200"
172;200;200;200;200;200;200;200;200;200;200;200;200;200;200;200;200;200;200;200;200;200;200;200;200;200;200;200;200;200;200;200;200;200;200;200;200;200;200;200;200;200;200;200;200;200;200;200;200;200;200;200;200;200;200;200;200;200;200;200;200;200;200;200;200;200;200;200;200;200;200;200;200;200;200;200;200;200;200;200;"200";"200"
173;200;200;200;200;200;200;200;200;200;200;200;200;200;200;200;200;200;200;200;200;200;200;200;200;200;200;200;200;200;200;200;200;200;200;200;200;200;200;200;200;200;200;200;200;200;200;200;200;200;200;200;200;200;200;200;200;200;200;200;200;200;200;200;200;200;200;200;200;200;200;200;200;200;200;200;200;200;200;200;"200";"200"
174;200;200;200;200;200;200;200;200;200;200;200;200;200;200;200;200;200;200;200;200;200;200;200;200;200;200;200;200;200;200;200;200;200;200;200;200;200;200;200;200;200;200;200;200;200;200;200;200;200;200;200;200;200;200;200;200;200;200;200;200;200;200;200;200;200;200;200;200;200;200;200;200;200;200;200;200;200;200;200;"200";"200"
175;200;200;200;200;200;200;200;200;200;200;200;200;200;200;200;200;200;200;200;200;200;200;200;200;200;200;200;200;200;200;200;200;200;200;200;200;200;200;200;200;200;200;200;200;200;200;200;200;200;200;200;200;200;200;200;200;200;200;200;200;200;200;200;200;200;200;200;200;200;200;200;200;200;200;200;200;200;200;200;"200";"200"
176;200;200;200;200;200;200;200;200;200;200;200;200;200;200;200;200;200;200;200;200;200;200;200;200;200;200;200;200;200;200;200;200;200;200;200;200;200;200;200;200;200;200;200;200;200;200;200;200;200;200;200;200;200;200;200;200;200;200;200;200;200;200;200;200;200;200;200;200;200;200;200;200;200;200;200;200;200;200;200;"200";"200"
177;200;200;200;200;200;200;200;200;200;200;200;200;200;200;200;200;200;200;200;200;200;200;200;200;200;200;200;200;200;200;200;200;200;200;200;200;200;200;200;200;200;200;200;200;200;200;200;200;200;200;200;200;200;200;200;200;200;200;200;200;200;200;200;200;200;200;200;200;200;200;200;200;200;200;200;200;200;200;200;"200";"200"
178;200;200;200;200;200;200;200;200;200;200;200;200;200;200;200;200;200;200;200;200;200;200;200;200;200;200;200;200;200;200;200;200;200;200;200;200;200;200;200;200;200;200;200;200;200;200;200;200;200;200;200;200;200;200;200;200;200;200;200;200;200;200;200;200;200;200;200;200;200;200;200;200;200;200;200;200;200;200;200;"200";"200"
179;200;200;200;200;200;200;200;200;200;200;200;200;200;200;200;200;200;200;200;200;200;200;200;200;200;200;200;200;200;200;200;200;200;200;200;200;200;200;200;200;200;200;200;200;200;200;200;200;200;200;200;200;200;200;200;200;200;200;200;200;200;200;200;200;200;200;200;200;200;200;200;200;200;200;200;200;200;200;200;"200";"200"
180;200;200;200;200;200;200;200;200;200;200;200;200;200;200;200;200;200;200;200;200;200;200;200;200;200;200;200;200;200;200;200;200;200;200;200;200;200;200;200;200;200;200;200;200;200;200;200;200;200;200;200;200;200;200;200;200;200;200;200;200;200;200;200;200;200;200;200;200;200;200;200;200;200;200;200;200;200;200;200;"200";"200"
181;200;200;200;200;200;200;200;200;200;200;200;200;200;200;200;200;200;200;200;200;200;200;200;200;200;200;200;200;200;200;200;200;200;200;200;200;200;200;200;200;200;200;200;200;200;200;200;200;200;200;200;200;200;200;200;200;200;200;200;200;200;200;200;200;200;200;200;200;200;200;200;200;200;200;200;200;200;200;200;"200";"200"
182;200;200;200;200;200;200;200;200;200;200;200;200;200;200;200;200;200;200;200;200;200;200;200;200;200;200;200;200;200;200;200;200;200;200;200;200;200;200;200;200;200;200;200;200;200;200;200;200;200;200;200;200;200;200;200;200;200;200;200;200;200;200;200;200;200;200;200;200;200;200;200;200;200;200;200;200;200;200;200;"200";"200"
183;200;200;200;200;200;200;200;200;200;200;200;200;200;200;200;200;200;200;200;200;200;200;200;200;200;200;200;200;200;200;200;200;200;200;200;200;200;200;200;200;200;200;200;200;200;200;200;200;200;200;200;200;200;200;200;200;200;200;200;200;200;200;200;200;200;200;200;200;200;200;200;200;200;200;200;200;200;200;200;"200";"200"
184;200;200;200;200;200;200;200;200;200;200;200;200;200;200;200;200;200;200;200;200;200;200;200;200;200;200;200;200;200;200;200;200;200;200;200;200;200;200;200;200;200;200;200;200;200;200;200;200;200;200;200;200;200;200;200;200;200;200;200;200;200;200;200;200;200;200;200;200;200;200;200;200;200;200;200;200;200;200;200;"200";"200"
185;200;200;200;200;200;200;200;200;200;200;200;200;200;200;200;200;200;200;200;200;200;200;200;200;200;200;200;200;200;200;200;200;200;200;200;200;200;200;200;200;200;200;200;200;200;200;200;200;200;200;200;200;200;200;200;200;200;200;200;200;200;200;200;200;200;200;200;200;200;200;200;200;200;200;200;200;200;200;200;"200";"200"
186;200;200;200;200;200;200;200;200;200;200;200;200;200;200;200;200;200;200;200;200;200;200;200;200;200;200;200;200;200;200;200;200;200;200;200;200;200;200;200;200;200;200;200;200;200;200;200;200;200;200;200;200;200;200;200;200;200;200;200;200;200;200;200;200;200;200;200;200;200;200;200;200;200;200;200;200;200;200;200;"200";"200"
187;200;200;200;200;200;200;200;200;200;200;200;200;200;200;200;200;200;200;200;200;200;200;200;200;200;200;200;200;200;200;200;200;200;200;200;200;200;200;200;200;200;200;200;200;200;200;200;200;200;200;200;200;200;200;200;200;200;200;200;200;200;200;200;200;200;200;200;200;200;200;200;200;200;200;200;200;200;200;200;"200";"200"
188;200;200;200;200;200;200;200;200;200;200;200;200;200;200;200;200;200;200;200;200;200;200;200;200;200;200;200;200;200;200;200;200;200;200;200;200;200;200;200;200;200;200;200;200;200;200;200;200;200;200;200;200;200;200;200;200;200;200;200;200;200;200;200;200;200;200;200;200;200;200;200;200;200;200;200;200;200;200;200;"200";"200"
189;200;200;200;200;200;200;200;200;200;200;200;200;200;200;200;200;200;200;200;200;200;200;200;200;200;200;200;200;200;200;200;200;200;200;200;200;200;200;200;200;200;200;200;200;200;200;200;200;200;200;200;200;200;200;200;200;200;200;200;200;200;200;200;200;200;200;200;200;200;200;200;200;200;200;200;200;200;200;200;"200";"200"
190;200;200;200;200;200;200;200;200;200;200;200;200;200;200;200;200;200;200;200;200;200;200;200;200;200;200;200;200;200;200;200;200;200;200;200;200;200;200;200;200;200;200;200;200;200;200;200;200;200;200;200;200;200;200;200;200;200;200;200;200;200;200;200;200;200;200;200;200;200;200;200;200;200;200;200;200;200;200;200;"200";"200"
191;200;200;200;200;200;200;200;200;200;200;200;200;200;200;200;200;200;200;200;200;200;200;200;200;200;200;200;200;200;200;200;200;200;200;200;200;200;200;200;200;200;200;200;200;200;200;200;200;200;200;200;200;200;200;200;200;200;200;200;200;200;200;200;200;200;200;200;200;200;200;200;200;200;200;200;200;200;200;200;"200";"200"
192;192;192;192;192;192;192;192;192;192;192;192;192;192;192;192;192;192;192;192;192;192;192;192;192;192;192;192;192;192;192;192;192;192;192;192;192;192;192;192;192;192;192;192;192;192;192;192;192;192;192;192;192;192;192;192;192;192;192;192;192;192;192;192;192;192;192;192;192;192;192;192;192;192;192;192;192;192;192;192;"Identificador no valido";"ER01"
193;193;193;193;193;193;193;193;193;193;193;193;193;193;193;193;193;193;193;193;193;193;193;193;193;193;193;193;193;193;193;193;193;193;193;193;193;193;193;193;193;193;193;193;193;193;193;193;193;193;193;193;193;193;193;193;193;193;193;193;193;193;193;193;193;193;193;193;193;193;193;193;193;193;193;193;193;193;193;193;"Error de cadena";"ER02"
194;194;194;194;194;194;194;194;194;194;194;194;194;194;194;194;194;194;194;194;194;194;194;194;194;194;194;194;194;194;194;194;194;194;194;194;194;194;194;194;194;194;194;194;194;194;194;194;194;194;194;194;194;194;194;194;194;194;194;194;194;194;194;194;194;194;194;194;194;194;194;194;194;194;194;194;194;194;194;194;"Simbolo no valido";"ER03"
195;195;195;195;195;195;195;195;195;195;195;195;195;195;195;195;195;195;195;195;195;195;195;195;195;195;195;195;195;195;195;195;195;195;195;195;195;195;195;195;195;195;195;195;195;195;195;195;195;195;195;195;195;195;195;195;195;195;195;195;195;195;195;195;195;195;195;195;195;195;195;195;195;195;195;195;195;195;195;195;"Error en comentario: Numero";"ER04"
196;196;196;196;196;196;196;196;196;196;196;196;196;196;196;196;196;196;196;196;196;196;196;196;196;196;196;196;196;196;196;196;196;196;196;196;196;196;196;196;196;196;196;196;196;196;196;196;196;196;196;196;196;196;196;196;196;196;196;196;196;196;196;196;196;196;196;196;196;196;196;196;196;196;196;196;196;196;196;196;"Comando inexistente";"ER05"
197;197;197;197;197;197;197;197;197;197;197;197;197;197;197;197;197;197;197;197;197;197;197;197;197;197;197;197;197;197;197;197;197;197;197;197;197;197;197;197;197;197;197;197;197;197;197;197;197;197;197;197;197;197;197;197;197;197;197;197;197;197;197;197;197;197;197;197;197;197;197;197;197;197;197;197;197;197;197;197;"Comando no valido: Numero";"ER06"
198;198;198;198;198;198;198;198;198;198;198;198;198;198;198;198;198;198;198;198;198;198;198;198;198;198;198;198;198;198;198;198;198;198;198;198;198;198;198;198;198;198;198;198;198;198;198;198;198;198;198;198;198;198;198;198;198;198;198;198;198;198;198;198;198;198;198;198;198;198;198;198;198;198;198;198;198;198;198;198;"Comando no valido: Simbolo";"ER07"
199;199;199;199;199;199;199;199;199;199;199;199;199;199;199;199;199;199;199;199;199;199;199;199;199;199;199;199;199;199;199;199;199;199;199;199;199;199;199;199;199;199;199;199;199;199;199;199;199;199;199;199;199;199;199;199;199;199;199;199;199;199;199;199;199;199;199;199;199;199;199;199;199;199;199;199;199;199;199;199;"Error de numero";"ER08"
200;200;200;200;200;200;200;200;200;200;200;200;200;200;200;200;200;200;200;200;200;200;200;200;200;200;200;200;200;200;200;200;200;200;200;200;200;200;200;200;200;200;200;200;200;200;200;200;200;200;200;200;200;200;200;200;200;200;200;200;200;200;200;200;200;200;200;200;200;200;200;200;200;200;200;200;200;200;200;200;"Error general";"ER09"
